id,creation_time,modification_time,email,nickname,phone_number,birthyear,birthday,gender,bio,image_url,kakao_oauth,validation_time
d4dbb193-389c-4c0d-b6b6-8adb9d279c5a,2021-11-10 15:19:19.819337+09,2021-11-10 15:19:19.819337+09,,nickname1,,,,,,,,2021-11-10 15:19:19.819337+09
5349fcd3-264b-4f26-9203-f80f6ec6a8b5,2021-11-12 15:55:17.03924+09,2021-11-12 15:55:17.03924+09,,분홍꽃,,,,,,,,2021-11-12 15:55:17.03924+09
ba74b15a-2546-479b-bb46-d04554cd075e,2021-11-12 15:55:33.498637+09,2021-11-12 15:55:33.498637+09,,알비,,,,,,,,2021-11-12 15:55:33.498637+09
73b660f6-872c-4616-b4bd-3068a7a43715,2021-11-12 15:59:18.993349+09,2021-11-12 15:59:18.993349+09,,귀여운 알파카,,,,,,,,2021-11-12 15:59:18.993349+09
a20bf234-d89b-4600-af33-98bf56df2e1b,2021-11-23 16:45:14.029659+09,2021-11-26 03:55:20.022295+09,dms5173@naver.com,나는야제리,+82 10-7757-7925,1996,0910,2,알파카의 소개가 아직 없어요.,,1992264706,2021-11-26 03:55:20.022295+09
52cfe1ec-ff2b-48d0-a05f-54f759899e6f,2021-11-30 17:42:00.857049+09,2021-11-30 17:42:24.850074+09,zino999999@gmail.com,시리,+82 10-5103-2789,,,2,알파카의 소개가 아직 없어요.,,2013581948,2021-11-30 17:42:00.857049+09
f8ae1eb1-27f2-4585-aed2-3500922840a2,2021-12-09 18:20:34.984146+09,2021-12-09 18:21:01.914449+09,sooin9676@gmail.com,멋쟁이알파카,+82 10-8431-3335,1998,0101,2,알파카의 소개가 아직 없어요.,,2026354632,2021-12-09 18:20:34.984146+09
6cf157a6-7b56-440e-8c96-c6f39a903aff,2021-11-24 18:39:20.954626+09,2021-12-17 11:15:24.477235+09,gwak2837@kakao.com,나는야렉돌,+82 10-9203-2837,1998,0412,1,알파카의 소개가 아직 없어요.,,1990358042,2021-12-17 11:15:24.477235+09
ee360834-955c-4011-88b1-a71e78ec7630,2021-11-23 16:47:32.455+09,2021-12-17 14:51:32.961726+09,xhfl236@ewhain.net,알비엄마,+82 10-7232-0040,1996,1218,2,알파카의 소개가 아직 없어요.,,2003890986,2021-12-17 14:51:32.961726+09
0c38d215-210c-4d0b-846b-36fe7d7f848c,2021-12-22 21:15:47.816087+09,2021-12-22 21:16:05.897653+09,delaylim@kakao.com,팡이언니,+82 10-9960-9562,1996,1031,2,알파카의 소개가 아직 없어요.,,2045905961,2021-12-22 21:15:47.816087+09
